-- MySQL dump 10.16  Distrib 10.2.8-MariaDB, for osx10.12 (x86_64)
--
-- Host: localhost    Database: zipkin
-- ------------------------------------------------------
-- Server version	10.2.8-MariaDB

/*!40101 SET @OLD_CHARACTER_SET_CLIENT=@@CHARACTER_SET_CLIENT */;
/*!40101 SET @OLD_CHARACTER_SET_RESULTS=@@CHARACTER_SET_RESULTS */;
/*!40101 SET @OLD_COLLATION_CONNECTION=@@COLLATION_CONNECTION */;
/*!40101 SET NAMES utf8 */;
/*!40103 SET @OLD_TIME_ZONE=@@TIME_ZONE */;
/*!40103 SET TIME_ZONE='+00:00' */;
/*!40014 SET @OLD_UNIQUE_CHECKS=@@UNIQUE_CHECKS, UNIQUE_CHECKS=0 */;
/*!40014 SET @OLD_FOREIGN_KEY_CHECKS=@@FOREIGN_KEY_CHECKS, FOREIGN_KEY_CHECKS=0 */;
/*!40101 SET @OLD_SQL_MODE=@@SQL_MODE, SQL_MODE='NO_AUTO_VALUE_ON_ZERO' */;
/*!40111 SET @OLD_SQL_NOTES=@@SQL_NOTES, SQL_NOTES=0 */;

--
-- Table structure for table `zipkin_annotations`
--

DROP TABLE IF EXISTS `zipkin_annotations`;
/*!40101 SET @saved_cs_client     = @@character_set_client */;
/*!40101 SET character_set_client = utf8 */;
CREATE TABLE `zipkin_annotations` (
  `trace_id_high` bigint(20) NOT NULL DEFAULT 0 COMMENT 'If non zero, this means the trace uses 128 bit traceIds instead of 64 bit',
  `trace_id` bigint(20) NOT NULL COMMENT 'coincides with zipkin_spans.trace_id',
  `span_id` bigint(20) NOT NULL COMMENT 'coincides with zipkin_spans.id',
  `a_key` varchar(255) NOT NULL COMMENT 'BinaryAnnotation.key or Annotation.value if type == -1',
  `a_value` blob DEFAULT NULL COMMENT 'BinaryAnnotation.value(), which must be smaller than 64KB',
  `a_type` int(11) NOT NULL COMMENT 'BinaryAnnotation.type() or -1 if Annotation',
  `a_timestamp` bigint(20) DEFAULT NULL COMMENT 'Used to implement TTL; Annotation.timestamp or zipkin_spans.timestamp',
  `endpoint_ipv4` int(11) DEFAULT NULL COMMENT 'Null when Binary/Annotation.endpoint is null',
  `endpoint_ipv6` binary(16) DEFAULT NULL COMMENT 'Null when Binary/Annotation.endpoint is null, or no IPv6 address',
  `endpoint_port` smallint(6) DEFAULT NULL COMMENT 'Null when Binary/Annotation.endpoint is null',
  `endpoint_service_name` varchar(255) DEFAULT NULL COMMENT 'Null when Binary/Annotation.endpoint is null',
  UNIQUE KEY `trace_id_high` (`trace_id_high`,`trace_id`,`span_id`,`a_key`,`a_timestamp`) COMMENT 'Ignore insert on duplicate',
  KEY `trace_id_high_2` (`trace_id_high`,`trace_id`,`span_id`) COMMENT 'for joining with zipkin_spans',
  KEY `trace_id_high_3` (`trace_id_high`,`trace_id`) COMMENT 'for getTraces/ByIds',
  KEY `endpoint_service_name` (`endpoint_service_name`) COMMENT 'for getTraces and getServiceNames',
  KEY `a_type` (`a_type`) COMMENT 'for getTraces',
  KEY `a_key` (`a_key`) COMMENT 'for getTraces',
  KEY `trace_id` (`trace_id`,`span_id`,`a_key`) COMMENT 'for dependencies job'
) ENGINE=InnoDB DEFAULT CHARSET=utf8 ROW_FORMAT=COMPRESSED;
/*!40101 SET character_set_client = @saved_cs_client */;

--
-- Dumping data for table `zipkin_annotations`
--

LOCK TABLES `zipkin_annotations` WRITE;
/*!40000 ALTER TABLE `zipkin_annotations` DISABLE KEYS */;
INSERT INTO `zipkin_annotations` VALUES (0,4155363000064309461,3989657933303009682,'sr',NULL,-1,1504558027179007,2130706433,'\0\0\0\0\0\0\0\0\0\0\0\0\0\0\0',NULL,'catalogue'),(0,4155363000064309461,3989657933303009682,'ss',NULL,-1,1504558027190979,2130706433,'\0\0\0\0\0\0\0\0\0\0\0\0\0\0\0',NULL,'catalogue'),(0,4155363000064309461,3989657933303009682,'http.method','GET',6,1504558027179007,2130706433,'\0\0\0\0\0\0\0\0\0\0\0\0\0\0\0',NULL,'catalogue'),(0,4155363000064309461,3989657933303009682,'http.url','/catalogue',6,1504558027179007,2130706433,'\0\0\0\0\0\0\0\0\0\0\0\0\0\0\0',NULL,'catalogue'),(0,4155363000064309461,3989657933303009682,'span.kind','server',6,1504558027179007,2130706433,'\0\0\0\0\0\0\0\0\0\0\0\0\0\0\0',NULL,'catalogue'),(0,1049060627112131591,8932523282917401770,'lc','user',6,1504558027213715,2130706433,'\0\0\0\0\0\0\0\0\0\0\0\0\0\0\0',80,'user'),(0,1049060627112131591,8932523282917401770,'service','user',6,1504558027213715,2130706433,'\0\0\0\0\0\0\0\0\0\0\0\0\0\0\0',80,'user'),(0,1049060627112131591,263895176724277670,'sr',NULL,-1,1504558027213662,2130706433,'\0\0\0\0\0\0\0\0\0\0\0\0\0\0\0',80,'user'),(0,1049060627112131591,263895176724277670,'ss',NULL,-1,1504558027215559,2130706433,'\0\0\0\0\0\0\0\0\0\0\0\0\0\0\0',80,'user'),(0,1049060627112131591,263895176724277670,'http.method','GET',6,1504558027213662,2130706433,'\0\0\0\0\0\0\0\0\0\0\0\0\0\0\0',80,'user'),(0,1049060627112131591,263895176724277670,'http.url','/login',6,1504558027213662,2130706433,'\0\0\0\0\0\0\0\0\0\0\0\0\0\0\0',80,'user'),(0,1049060627112131591,263895176724277670,'span.kind','server',6,1504558027213662,2130706433,'\0\0\0\0\0\0\0\0\0\0\0\0\0\0\0',80,'user'),(0,-1136593484829282429,-2923659198058379539,'lc','unknown',6,1504558027366000,-1408106491,NULL,80,'carts'),(0,-1136593484829282429,-2923659198058379539,'mvc.controller.class','CartsController',6,1504558027366000,-1408106491,NULL,80,'carts'),(0,-1136593484829282429,-2923659198058379539,'mvc.controller.method','mergeCarts',6,1504558027366000,-1408106491,NULL,80,'carts'),(0,-1136593484829282429,-1136593484829282429,'sr',NULL,-1,1504558027345000,-1408106491,NULL,80,'carts'),(0,-1136593484829282429,-1136593484829282429,'ss',NULL,-1,1504558027719000,-1408106491,NULL,80,'carts'),(0,-4033565715786759127,-8212010566769637031,'lc','unknown',6,1504558027789000,-1408106491,NULL,80,'carts'),(0,-4033565715786759127,-8212010566769637031,'mvc.controller.class','CartsController',6,1504558027789000,-1408106491,NULL,80,'carts'),(0,-4033565715786759127,-8212010566769637031,'mvc.controller.method','delete',6,1504558027789000,-1408106491,NULL,80,'carts'),(0,-4033565715786759127,-4033565715786759127,'sr',NULL,-1,1504558027785000,-1408106491,NULL,80,'carts'),(0,-4033565715786759127,-4033565715786759127,'ss',NULL,-1,1504558027794000,-1408106491,NULL,80,'carts'),(0,3034138690160833288,1690888309495236674,'lc','user',6,1504558028220219,2130706433,'\0\0\0\0\0\0\0\0\0\0\0\0\0\0\0',80,'user'),(0,3034138690160833288,3210325047450458038,'lc','user',6,1504558028221035,2130706433,'\0\0\0\0\0\0\0\0\0\0\0\0\0\0\0',80,'user'),(0,3034138690160833288,7705150198134230181,'lc','user',6,1504558028220212,2130706433,'\0\0\0\0\0\0\0\0\0\0\0\0\0\0\0',80,'user'),(0,3034138690160833288,7705150198134230181,'service','user',6,1504558028220212,2130706433,'\0\0\0\0\0\0\0\0\0\0\0\0\0\0\0',80,'user'),(0,3034138690160833288,8857106907617152148,'sr',NULL,-1,1504558028220178,2130706433,'\0\0\0\0\0\0\0\0\0\0\0\0\0\0\0',80,'user'),(0,3034138690160833288,8857106907617152148,'ss',NULL,-1,1504558028221569,2130706433,'\0\0\0\0\0\0\0\0\0\0\0\0\0\0\0',80,'user'),(0,3034138690160833288,8857106907617152148,'http.method','GET',6,1504558028220178,2130706433,'\0\0\0\0\0\0\0\0\0\0\0\0\0\0\0',80,'user'),(0,3034138690160833288,8857106907617152148,'http.url','/customers/57a98d98e4b00679b4a830b2',6,1504558028220178,2130706433,'\0\0\0\0\0\0\0\0\0\0\0\0\0\0\0',80,'user'),(0,3034138690160833288,8857106907617152148,'span.kind','server',6,1504558028220178,2130706433,'\0\0\0\0\0\0\0\0\0\0\0\0\0\0\0',80,'user'),(0,5354704723022756236,6867919596857199018,'lc','user',6,1504558028226690,2130706433,'\0\0\0\0\0\0\0\0\0\0\0\0\0\0\0',80,'user'),(0,2451966410197140503,1722018790049145748,'lc','user',6,1504558028226842,2130706433,'\0\0\0\0\0\0\0\0\0\0\0\0\0\0\0',80,'user'),(0,5354704723022756236,4012068352470101462,'lc','user',6,1504558028227275,2130706433,'\0\0\0\0\0\0\0\0\0\0\0\0\0\0\0',80,'user'),(0,5354704723022756236,2392837572002202316,'lc','user',6,1504558028226687,2130706433,'\0\0\0\0\0\0\0\0\0\0\0\0\0\0\0',80,'user'),(0,5354704723022756236,2392837572002202316,'service','user',6,1504558028226687,2130706433,'\0\0\0\0\0\0\0\0\0\0\0\0\0\0\0',80,'user'),(0,5354704723022756236,7218416861076024046,'sr',NULL,-1,1504558028226678,2130706433,'\0\0\0\0\0\0\0\0\0\0\0\0\0\0\0',80,'user'),(0,5354704723022756236,7218416861076024046,'ss',NULL,-1,1504558028227781,2130706433,'\0\0\0\0\0\0\0\0\0\0\0\0\0\0\0',80,'user'),(0,5354704723022756236,7218416861076024046,'http.method','GET',6,1504558028226678,2130706433,'\0\0\0\0\0\0\0\0\0\0\0\0\0\0\0',80,'user'),(0,5354704723022756236,7218416861076024046,'http.url','/customers/57a98d98e4b00679b4a830b2/addresses',6,1504558028226678,2130706433,'\0\0\0\0\0\0\0\0\0\0\0\0\0\0\0',80,'user'),(0,5354704723022756236,7218416861076024046,'span.kind','server',6,1504558028226678,2130706433,'\0\0\0\0\0\0\0\0\0\0\0\0\0\0\0',80,'user'),(0,2451966410197140503,6012021848401494253,'lc','user',6,1504558028227687,2130706433,'\0\0\0\0\0\0\0\0\0\0\0\0\0\0\0',80,'user'),(0,2451966410197140503,8858775173867231230,'lc','user',6,1504558028226840,2130706433,'\0\0\0\0\0\0\0\0\0\0\0\0\0\0\0',80,'user'),(0,2451966410197140503,8858775173867231230,'service','user',6,1504558028226840,2130706433,'\0\0\0\0\0\0\0\0\0\0\0\0\0\0\0',80,'user'),(0,2451966410197140503,2071046082651741002,'sr',NULL,-1,1504558028226821,2130706433,'\0\0\0\0\0\0\0\0\0\0\0\0\0\0\0',80,'user'),(0,2451966410197140503,2071046082651741002,'ss',NULL,-1,1504558028228258,2130706433,'\0\0\0\0\0\0\0\0\0\0\0\0\0\0\0',80,'user'),(0,2451966410197140503,2071046082651741002,'http.method','GET',6,1504558028226821,2130706433,'\0\0\0\0\0\0\0\0\0\0\0\0\0\0\0',80,'user'),(0,2451966410197140503,2071046082651741002,'http.url','/customers/57a98d98e4b00679b4a830b2/cards',6,1504558028226821,2130706433,'\0\0\0\0\0\0\0\0\0\0\0\0\0\0\0',80,'user'),(0,2451966410197140503,2071046082651741002,'span.kind','server',6,1504558028226821,2130706433,'\0\0\0\0\0\0\0\0\0\0\0\0\0\0\0',80,'user'),(0,8560425066390919454,6595714703135819827,'sr',NULL,-1,1504558027827308,2130706433,'\0\0\0\0\0\0\0\0\0\0\0\0\0\0\0',NULL,'catalogue'),(0,8560425066390919454,6595714703135819827,'ss',NULL,-1,1504558027828202,2130706433,'\0\0\0\0\0\0\0\0\0\0\0\0\0\0\0',NULL,'catalogue'),(0,8560425066390919454,6595714703135819827,'http.method','GET',6,1504558027827308,2130706433,'\0\0\0\0\0\0\0\0\0\0\0\0\0\0\0',NULL,'catalogue'),(0,8560425066390919454,6595714703135819827,'http.url','/catalogue/d3588630-ad8e-49df-bbd7-3167f7efb246',6,1504558027827308,2130706433,'\0\0\0\0\0\0\0\0\0\0\0\0\0\0\0',NULL,'catalogue'),(0,8560425066390919454,6595714703135819827,'span.kind','server',6,1504558027827308,2130706433,'\0\0\0\0\0\0\0\0\0\0\0\0\0\0\0',NULL,'catalogue'),(0,-614028260039512482,4892001989881953283,'lc','payment',6,1504558028715668,2130706433,'\0\0\0\0\0\0\0\0\0\0\0\0\0\0\0',NULL,'payment'),(0,-614028260039512482,4892001989881953283,'service','payment',6,1504558028715668,2130706433,'\0\0\0\0\0\0\0\0\0\0\0\0\0\0\0',NULL,'payment'),(0,-614028260039512482,6756259704235080898,'sr',NULL,-1,1504558028714821,2130706433,'\0\0\0\0\0\0\0\0\0\0\0\0\0\0\0',NULL,'payment'),(0,-614028260039512482,6756259704235080898,'ss',NULL,-1,1504558028715723,2130706433,'\0\0\0\0\0\0\0\0\0\0\0\0\0\0\0',NULL,'payment'),(0,-614028260039512482,6756259704235080898,'http.method','POST',6,1504558028714821,2130706433,'\0\0\0\0\0\0\0\0\0\0\0\0\0\0\0',NULL,'payment'),(0,-614028260039512482,6756259704235080898,'http.url','/paymentAuth',6,1504558028714821,2130706433,'\0\0\0\0\0\0\0\0\0\0\0\0\0\0\0',NULL,'payment'),(0,-614028260039512482,6756259704235080898,'span.kind','server',6,1504558028714821,2130706433,'\0\0\0\0\0\0\0\0\0\0\0\0\0\0\0',NULL,'payment'),(0,5124050721704545545,2991184517240345887,'lc','unknown',6,1504558027856000,-1408106491,NULL,80,'carts'),(0,5124050721704545545,2991184517240345887,'mvc.controller.class','ItemsController',6,1504558027856000,-1408106491,NULL,80,'carts'),(0,5124050721704545545,2991184517240345887,'mvc.controller.method','addToCart',6,1504558027856000,-1408106491,NULL,80,'carts'),(0,5124050721704545545,5124050721704545545,'sr',NULL,-1,1504558027848000,-1408106491,NULL,80,'carts'),(0,5124050721704545545,5124050721704545545,'ss',NULL,-1,1504558028201000,-1408106491,NULL,80,'carts'),(0,-614028260039512482,-2594252038399003400,'lc','unknown',6,1504558028552000,-1408106491,NULL,80,'carts'),(0,-614028260039512482,-2594252038399003400,'mvc.controller.class','ItemsController',6,1504558028552000,-1408106491,NULL,80,'carts'),(0,-614028260039512482,-2594252038399003400,'mvc.controller.method','getItems',6,1504558028552000,-1408106491,NULL,80,'carts'),(0,-614028260039512482,-734622583129111989,'sr',NULL,-1,1504558028550000,-1408106491,NULL,80,'carts'),(0,-614028260039512482,-734622583129111989,'ss',NULL,-1,1504558028582000,-1408106491,NULL,80,'carts'),(0,-614028260039512482,2108145584802609179,'lc','user',6,1504558028618768,2130706433,'\0\0\0\0\0\0\0\0\0\0\0\0\0\0\0',80,'user'),(0,-614028260039512482,5152777237443683571,'lc','user',6,1504558028618737,2130706433,'\0\0\0\0\0\0\0\0\0\0\0\0\0\0\0',80,'user'),(0,-614028260039512482,5152777237443683571,'service','user',6,1504558028618737,2130706433,'\0\0\0\0\0\0\0\0\0\0\0\0\0\0\0',80,'user'),(0,-614028260039512482,435921786227455602,'sr',NULL,-1,1504558028618724,2130706433,'\0\0\0\0\0\0\0\0\0\0\0\0\0\0\0',80,'user'),(0,-614028260039512482,435921786227455602,'ss',NULL,-1,1504558028619273,2130706433,'\0\0\0\0\0\0\0\0\0\0\0\0\0\0\0',80,'user'),(0,-614028260039512482,435921786227455602,'http.method','GET',6,1504558028618724,2130706433,'\0\0\0\0\0\0\0\0\0\0\0\0\0\0\0',80,'user'),(0,-614028260039512482,435921786227455602,'http.url','/addresses/57a98d98e4b00679b4a830b0',6,1504558028618724,2130706433,'\0\0\0\0\0\0\0\0\0\0\0\0\0\0\0',80,'user'),(0,-614028260039512482,435921786227455602,'span.kind','server',6,1504558028618724,2130706433,'\0\0\0\0\0\0\0\0\0\0\0\0\0\0\0',80,'user'),(0,-614028260039512482,1182089955718513482,'lc','user',6,1504558028631586,2130706433,'\0\0\0\0\0\0\0\0\0\0\0\0\0\0\0',80,'user'),(0,-614028260039512482,4581108982981032533,'lc','user',6,1504558028631583,2130706433,'\0\0\0\0\0\0\0\0\0\0\0\0\0\0\0',80,'user'),(0,-614028260039512482,4581108982981032533,'service','user',6,1504558028631583,2130706433,'\0\0\0\0\0\0\0\0\0\0\0\0\0\0\0',80,'user'),(0,-614028260039512482,5401887692194870169,'sr',NULL,-1,1504558028631567,2130706433,'\0\0\0\0\0\0\0\0\0\0\0\0\0\0\0',80,'user'),(0,-614028260039512482,5401887692194870169,'ss',NULL,-1,1504558028631923,2130706433,'\0\0\0\0\0\0\0\0\0\0\0\0\0\0\0',80,'user'),(0,-614028260039512482,5401887692194870169,'http.method','GET',6,1504558028631567,2130706433,'\0\0\0\0\0\0\0\0\0\0\0\0\0\0\0',80,'user'),(0,-614028260039512482,5401887692194870169,'http.url','/cards/57a98d98e4b00679b4a830b1',6,1504558028631567,2130706433,'\0\0\0\0\0\0\0\0\0\0\0\0\0\0\0',80,'user'),(0,-614028260039512482,5401887692194870169,'span.kind','server',6,1504558028631567,2130706433,'\0\0\0\0\0\0\0\0\0\0\0\0\0\0\0',80,'user'),(0,-614028260039512482,3551872546310890023,'lc','user',6,1504558028635006,2130706433,'\0\0\0\0\0\0\0\0\0\0\0\0\0\0\0',80,'user'),(0,-614028260039512482,7293927828867497497,'lc','user',6,1504558028635338,2130706433,'\0\0\0\0\0\0\0\0\0\0\0\0\0\0\0',80,'user'),(0,-614028260039512482,7888939683012266434,'lc','user',6,1504558028635003,2130706433,'\0\0\0\0\0\0\0\0\0\0\0\0\0\0\0',80,'user'),(0,-614028260039512482,7888939683012266434,'service','user',6,1504558028635003,2130706433,'\0\0\0\0\0\0\0\0\0\0\0\0\0\0\0',80,'user'),(0,-614028260039512482,3051810303709381352,'sr',NULL,-1,1504558028634993,2130706433,'\0\0\0\0\0\0\0\0\0\0\0\0\0\0\0',80,'user'),(0,-614028260039512482,3051810303709381352,'ss',NULL,-1,1504558028635856,2130706433,'\0\0\0\0\0\0\0\0\0\0\0\0\0\0\0',80,'user'),(0,-614028260039512482,3051810303709381352,'http.method','GET',6,1504558028634993,2130706433,'\0\0\0\0\0\0\0\0\0\0\0\0\0\0\0',80,'user'),(0,-614028260039512482,3051810303709381352,'http.url','/customers/57a98d98e4b00679b4a830b2',6,1504558028634993,2130706433,'\0\0\0\0\0\0\0\0\0\0\0\0\0\0\0',80,'user'),(0,-614028260039512482,3051810303709381352,'span.kind','server',6,1504558028634993,2130706433,'\0\0\0\0\0\0\0\0\0\0\0\0\0\0\0',80,'user'),(0,-614028260039512482,-6330464602787557115,'cs',NULL,-1,1504558028610000,-1408106490,NULL,80,'orders'),(0,-614028260039512482,-6330464602787557115,'cr',NULL,-1,1504558028645000,-1408106490,NULL,80,'orders'),(0,-614028260039512482,-6330464602787557115,'http.host','user',6,1504558028610000,-1408106490,NULL,80,'orders'),(0,-614028260039512482,-6330464602787557115,'http.method','GET',6,1504558028610000,-1408106490,NULL,80,'orders'),(0,-614028260039512482,-6330464602787557115,'http.path','/addresses/57a98d98e4b00679b4a830b0',6,1504558028610000,-1408106490,NULL,80,'orders'),(0,-614028260039512482,-6330464602787557115,'http.url','http://user/addresses/57a98d98e4b00679b4a830b0',6,1504558028610000,-1408106490,NULL,80,'orders'),(0,-614028260039512482,-6330464602787557115,'sa','',0,1504558028610000,-1408106490,NULL,80,'orders'),(0,-614028260039512482,-1413938287162664128,'cs',NULL,-1,1504558028625000,-1408106490,NULL,80,'orders'),(0,-614028260039512482,-1413938287162664128,'cr',NULL,-1,1504558028644000,-1408106490,NULL,80,'orders'),(0,-614028260039512482,-1413938287162664128,'http.host','user',6,1504558028625000,-1408106490,NULL,80,'orders'),(0,-614028260039512482,-1413938287162664128,'http.method','GET',6,1504558028625000,-1408106490,NULL,80,'orders'),(0,-614028260039512482,-1413938287162664128,'http.path','/cards/57a98d98e4b00679b4a830b1',6,1504558028625000,-1408106490,NULL,80,'orders'),(0,-614028260039512482,-1413938287162664128,'http.url','http://user/cards/57a98d98e4b00679b4a830b1',6,1504558028625000,-1408106490,NULL,80,'orders'),(0,-614028260039512482,-1413938287162664128,'sa','',0,1504558028625000,-1408106490,NULL,80,'orders'),(0,-614028260039512482,2795026468844432830,'class','AsyncGetService',6,1504558028513000,-1408106490,NULL,80,'orders'),(0,-614028260039512482,2795026468844432830,'lc','async',6,1504558028513000,-1408106490,NULL,80,'orders'),(0,-614028260039512482,2795026468844432830,'method','getResource',6,1504558028513000,-1408106490,NULL,80,'orders'),(0,-614028260039512482,-968032686705991372,'lc','async',6,1504558028513000,-1408106490,NULL,80,'orders'),(0,-614028260039512482,-968032686705991372,'thread','SimpleAsyncTaskExecutor-3',6,1504558028513000,-1408106490,NULL,80,'orders'),(0,-614028260039512482,5323947477464893201,'cs',NULL,-1,1504558028625000,-1408106490,NULL,80,'orders'),(0,-614028260039512482,5323947477464893201,'cr',NULL,-1,1504558028644000,-1408106490,NULL,80,'orders'),(0,-614028260039512482,5323947477464893201,'http.host','user',6,1504558028625000,-1408106490,NULL,80,'orders'),(0,-614028260039512482,5323947477464893201,'http.method','GET',6,1504558028625000,-1408106490,NULL,80,'orders'),(0,-614028260039512482,5323947477464893201,'http.path','/customers/57a98d98e4b00679b4a830b2',6,1504558028625000,-1408106490,NULL,80,'orders'),(0,-614028260039512482,5323947477464893201,'http.url','http://user/customers/57a98d98e4b00679b4a830b2',6,1504558028625000,-1408106490,NULL,80,'orders'),(0,-614028260039512482,5323947477464893201,'sa','',0,1504558028625000,-1408106490,NULL,80,'orders'),(0,-614028260039512482,7676439485175658319,'class','AsyncGetService',6,1504558028519000,-1408106490,NULL,80,'orders'),(0,-614028260039512482,7676439485175658319,'lc','async',6,1504558028519000,-1408106490,NULL,80,'orders'),(0,-614028260039512482,7676439485175658319,'method','getResource',6,1504558028519000,-1408106490,NULL,80,'orders'),(0,-614028260039512482,181740926032281301,'lc','async',6,1504558028519000,-1408106490,NULL,80,'orders'),(0,-614028260039512482,181740926032281301,'thread','SimpleAsyncTaskExecutor-2',6,1504558028519000,-1408106490,NULL,80,'orders'),(0,-614028260039512482,-2495149767084886388,'class','AsyncGetService',6,1504558028507000,-1408106490,NULL,80,'orders'),(0,-614028260039512482,-2495149767084886388,'lc','async',6,1504558028507000,-1408106490,NULL,80,'orders'),(0,-614028260039512482,-2495149767084886388,'method','getResource',6,1504558028507000,-1408106490,NULL,80,'orders'),(0,-614028260039512482,1331217180362754587,'lc','async',6,1504558028504000,-1408106490,NULL,80,'orders'),(0,-614028260039512482,1331217180362754587,'thread','SimpleAsyncTaskExecutor-1',6,1504558028504000,-1408106490,NULL,80,'orders'),(0,-614028260039512482,-734622583129111989,'cs',NULL,-1,1504558028532000,-1408106490,NULL,80,'orders'),(0,-614028260039512482,-734622583129111989,'cr',NULL,-1,1504558028638000,-1408106490,NULL,80,'orders'),(0,-614028260039512482,-734622583129111989,'http.host','carts',6,1504558028531000,-1408106490,NULL,80,'orders'),(0,-614028260039512482,-734622583129111989,'http.method','GET',6,1504558028531000,-1408106490,NULL,80,'orders'),(0,-614028260039512482,-734622583129111989,'http.path','/carts/57a98d98e4b00679b4a830b2/items',6,1504558028531000,-1408106490,NULL,80,'orders'),(0,-614028260039512482,-734622583129111989,'http.url','http://carts/carts/57a98d98e4b00679b4a830b2/items',6,1504558028531000,-1408106490,NULL,80,'orders'),(0,-614028260039512482,-734622583129111989,'sa','',0,1504558028531000,-1408106490,NULL,80,'orders'),(0,-614028260039512482,-7637408776577795909,'class','AsyncGetService',6,1504558028513000,-1408106490,NULL,80,'orders'),(0,-614028260039512482,-7637408776577795909,'lc','async',6,1504558028513000,-1408106490,NULL,80,'orders'),(0,-614028260039512482,-7637408776577795909,'method','getDataList',6,1504558028513000,-1408106490,NULL,80,'orders'),(0,-614028260039512482,-236008339562194490,'lc','async',6,1504558028513000,-1408106490,NULL,80,'orders'),(0,-614028260039512482,-236008339562194490,'thread','SimpleAsyncTaskExecutor-4',6,1504558028513000,-1408106490,NULL,80,'orders'),(0,-614028260039512482,8848397210334814008,'cs',NULL,-1,1504558028713000,-1408106490,NULL,80,'orders'),(0,-614028260039512482,8848397210334814008,'cr',NULL,-1,1504558028716000,-1408106490,NULL,80,'orders'),(0,-614028260039512482,8848397210334814008,'http.host','payment',6,1504558028713000,-1408106490,NULL,80,'orders'),(0,-614028260039512482,8848397210334814008,'http.method','POST',6,1504558028713000,-1408106490,NULL,80,'orders'),(0,-614028260039512482,8848397210334814008,'http.path','/paymentAuth',6,1504558028713000,-1408106490,NULL,80,'orders'),(0,-614028260039512482,8848397210334814008,'http.url','http://payment/paymentAuth',6,1504558028713000,-1408106490,NULL,80,'orders'),(0,-614028260039512482,8848397210334814008,'sa','',0,1504558028713000,-1408106490,NULL,80,'orders'),(0,-614028260039512482,-3558751137454227344,'class','AsyncGetService',6,1504558028688000,-1408106490,NULL,80,'orders'),(0,-614028260039512482,-3558751137454227344,'lc','async',6,1504558028688000,-1408106490,NULL,80,'orders'),(0,-614028260039512482,-3558751137454227344,'method','postResource',6,1504558028688000,-1408106490,NULL,80,'orders'),(0,-614028260039512482,2258935444503561339,'lc','async',6,1504558028688000,-1408106490,NULL,80,'orders'),(0,-614028260039512482,2258935444503561339,'thread','SimpleAsyncTaskExecutor-5',6,1504558028688000,-1408106490,NULL,80,'orders'),(0,-614028260039512482,-7061934688376072538,'cs',NULL,-1,1504558028722000,-1408106490,NULL,80,'orders'),(0,-614028260039512482,-7061934688376072538,'cr',NULL,-1,1504558029196000,-1408106490,NULL,80,'orders'),(0,-614028260039512482,-7061934688376072538,'http.host','shipping',6,1504558028722000,-1408106490,NULL,80,'orders'),(0,-614028260039512482,-7061934688376072538,'http.method','POST',6,1504558028722000,-1408106490,NULL,80,'orders'),(0,-614028260039512482,-7061934688376072538,'http.path','/shipping',6,1504558028722000,-1408106490,NULL,80,'orders'),(0,-614028260039512482,-7061934688376072538,'http.url','http://shipping/shipping',6,1504558028722000,-1408106490,NULL,80,'orders'),(0,-614028260039512482,-7061934688376072538,'sa','',0,1504558028722000,-1408106490,NULL,80,'orders'),(0,-614028260039512482,-4182223789084328405,'class','AsyncGetService',6,1504558028719000,-1408106490,NULL,80,'orders'),(0,-614028260039512482,-4182223789084328405,'lc','async',6,1504558028719000,-1408106490,NULL,80,'orders'),(0,-614028260039512482,-4182223789084328405,'method','postResource',6,1504558028719000,-1408106490,NULL,80,'orders'),(0,-614028260039512482,1642659978790024269,'lc','async',6,1504558028719000,-1408106490,NULL,80,'orders'),(0,-614028260039512482,1642659978790024269,'thread','SimpleAsyncTaskExecutor-6',6,1504558028719000,-1408106490,NULL,80,'orders'),(0,8418027535315137086,8917287745829409657,'sr',NULL,-1,1504558029844256,2130706433,'\0\0\0\0\0\0\0\0\0\0\0\0\0\0\0',NULL,'catalogue'),(0,8418027535315137086,8917287745829409657,'ss',NULL,-1,1504558029845117,2130706433,'\0\0\0\0\0\0\0\0\0\0\0\0\0\0\0',NULL,'catalogue'),(0,8418027535315137086,8917287745829409657,'http.method','GET',6,1504558029844256,2130706433,'\0\0\0\0\0\0\0\0\0\0\0\0\0\0\0',NULL,'catalogue'),(0,8418027535315137086,8917287745829409657,'http.url','/catalogue',6,1504558029844256,2130706433,'\0\0\0\0\0\0\0\0\0\0\0\0\0\0\0',NULL,'catalogue'),(0,8418027535315137086,8917287745829409657,'span.kind','server',6,1504558029844256,2130706433,'\0\0\0\0\0\0\0\0\0\0\0\0\0\0\0',NULL,'catalogue'),(0,-934686221718289241,262403398941801831,'lc','unknown',6,1504558029882000,-1408106491,NULL,80,'carts'),(0,-934686221718289241,262403398941801831,'mvc.controller.class','CartsController',6,1504558029882000,-1408106491,NULL,80,'carts'),(0,-934686221718289241,262403398941801831,'mvc.controller.method','mergeCarts',6,1504558029882000,-1408106491,NULL,80,'carts'),(0,-934686221718289241,-934686221718289241,'sr',NULL,-1,1504558029877000,-1408106491,NULL,80,'carts'),(0,-934686221718289241,-934686221718289241,'ss',NULL,-1,1504558029938000,-1408106491,NULL,80,'carts'),(0,-614028260039512482,-1617290877895877915,'lc','unknown',6,1504558028949000,-1408106494,NULL,80,'shipping'),(0,-614028260039512482,-1617290877895877915,'mvc.controller.class','ShippingController',6,1504558028949000,-1408106494,NULL,80,'shipping'),(0,-614028260039512482,-1617290877895877915,'mvc.controller.method','postShipping',6,1504558028949000,-1408106494,NULL,80,'shipping'),(0,-614028260039512482,-7061934688376072538,'sr',NULL,-1,1504558028927000,-1408106494,NULL,80,'shipping'),(0,-614028260039512482,-7061934688376072538,'ss',NULL,-1,1504558029352000,-1408106494,NULL,80,'shipping'),(0,753949626380469547,3427016730816411686,'lc','user',6,1504558029872062,2130706433,'\0\0\0\0\0\0\0\0\0\0\0\0\0\0\0',80,'user'),(0,753949626380469547,3427016730816411686,'service','user',6,1504558029872062,2130706433,'\0\0\0\0\0\0\0\0\0\0\0\0\0\0\0',80,'user'),(0,753949626380469547,2703479911853046651,'sr',NULL,-1,1504558029872008,2130706433,'\0\0\0\0\0\0\0\0\0\0\0\0\0\0\0',80,'user'),(0,753949626380469547,2703479911853046651,'ss',NULL,-1,1504558029873171,2130706433,'\0\0\0\0\0\0\0\0\0\0\0\0\0\0\0',80,'user'),(0,753949626380469547,2703479911853046651,'http.method','GET',6,1504558029872008,2130706433,'\0\0\0\0\0\0\0\0\0\0\0\0\0\0\0',80,'user'),(0,753949626380469547,2703479911853046651,'http.url','/login',6,1504558029872008,2130706433,'\0\0\0\0\0\0\0\0\0\0\0\0\0\0\0',80,'user'),(0,753949626380469547,2703479911853046651,'span.kind','server',6,1504558029872008,2130706433,'\0\0\0\0\0\0\0\0\0\0\0\0\0\0\0',80,'user'),(0,-614028260039512482,-2151328835431956614,'lc','unknown',6,1504558028406000,-1408106490,NULL,80,'orders'),(0,-614028260039512482,-2151328835431956614,'mvc.controller.class','OrdersController',6,1504558028406000,-1408106490,NULL,80,'orders'),(0,-614028260039512482,-2151328835431956614,'mvc.controller.method','newOrder',6,1504558028406000,-1408106490,NULL,80,'orders'),(0,-614028260039512482,-614028260039512482,'sr',NULL,-1,1504558028384000,-1408106490,NULL,80,'orders'),(0,-614028260039512482,-614028260039512482,'ss',NULL,-1,1504558029797000,-1408106490,NULL,80,'orders');
/*!40000 ALTER TABLE `zipkin_annotations` ENABLE KEYS */;
UNLOCK TABLES;

--
-- Table structure for table `zipkin_dependencies`
--

DROP TABLE IF EXISTS `zipkin_dependencies`;
/*!40101 SET @saved_cs_client     = @@character_set_client */;
/*!40101 SET character_set_client = utf8 */;
CREATE TABLE `zipkin_dependencies` (
  `day` date NOT NULL,
  `parent` varchar(255) NOT NULL,
  `child` varchar(255) NOT NULL,
  `call_count` bigint(20) DEFAULT NULL,
  `error_count` bigint(20) DEFAULT NULL,
  UNIQUE KEY `day` (`day`,`parent`,`child`)
) ENGINE=InnoDB DEFAULT CHARSET=utf8 ROW_FORMAT=COMPRESSED;
/*!40101 SET character_set_client = @saved_cs_client */;

--
-- Dumping data for table `zipkin_dependencies`
--

LOCK TABLES `zipkin_dependencies` WRITE;
/*!40000 ALTER TABLE `zipkin_dependencies` DISABLE KEYS */;
INSERT INTO `zipkin_dependencies` VALUES ('2017-09-04','orders','orders',6,NULL),('2017-09-04','orders','payment',1,NULL),('2017-09-04','orders','user',3,NULL);
/*!40000 ALTER TABLE `zipkin_dependencies` ENABLE KEYS */;
UNLOCK TABLES;

--
-- Table structure for table `zipkin_spans`
--

DROP TABLE IF EXISTS `zipkin_spans`;
/*!40101 SET @saved_cs_client     = @@character_set_client */;
/*!40101 SET character_set_client = utf8 */;
CREATE TABLE `zipkin_spans` (
  `trace_id_high` bigint(20) NOT NULL DEFAULT 0 COMMENT 'If non zero, this means the trace uses 128 bit traceIds instead of 64 bit',
  `trace_id` bigint(20) NOT NULL,
  `id` bigint(20) NOT NULL,
  `name` varchar(255) NOT NULL,
  `parent_id` bigint(20) DEFAULT NULL,
  `debug` bit(1) DEFAULT NULL,
  `start_ts` bigint(20) DEFAULT NULL COMMENT 'Span.timestamp(): epoch micros used for endTs query and to implement TTL',
  `duration` bigint(20) DEFAULT NULL COMMENT 'Span.duration(): micros used for minDuration and maxDuration query',
  UNIQUE KEY `trace_id_high` (`trace_id_high`,`trace_id`,`id`) COMMENT 'ignore insert on duplicate',
  KEY `trace_id_high_2` (`trace_id_high`,`trace_id`,`id`) COMMENT 'for joining with zipkin_annotations',
  KEY `trace_id_high_3` (`trace_id_high`,`trace_id`) COMMENT 'for getTracesByIds',
  KEY `name` (`name`) COMMENT 'for getTraces and getSpanNames',
  KEY `start_ts` (`start_ts`) COMMENT 'for getTraces ordering and range'
) ENGINE=InnoDB DEFAULT CHARSET=utf8 ROW_FORMAT=COMPRESSED;
/*!40101 SET character_set_client = @saved_cs_client */;

--
-- Dumping data for table `zipkin_spans`
--

LOCK TABLES `zipkin_spans` WRITE;
/*!40000 ALTER TABLE `zipkin_spans` DISABLE KEYS */;
INSERT INTO `zipkin_spans` VALUES (0,-4033565715786759127,-8212010566769637031,'delete',-4033565715786759127,NULL,1504558027789000,5179),(0,-4033565715786759127,-4033565715786759127,'http:/carts/57a98d98e4b00679b4a830b2',NULL,NULL,1504558027785000,9753),(0,-1136593484829282429,-2923659198058379539,'merge-carts',-1136593484829282429,NULL,1504558027366000,320657),(0,-1136593484829282429,-1136593484829282429,'http:/carts/57a98d98e4b00679b4a830b2/merge',NULL,NULL,1504558027344000,374614),(0,-934686221718289241,-934686221718289241,'http:/carts/57a98d98e4b00679b4a830b2/merge',NULL,NULL,1504558029877000,61711),(0,-934686221718289241,262403398941801831,'merge-carts',-934686221718289241,NULL,1504558029882000,55880),(0,-614028260039512482,-7637408776577795909,'get-data-list',-236008339562194490,NULL,1504558028513000,159314),(0,-614028260039512482,-7061934688376072538,'http:/shipping',-4182223789084328405,NULL,1504558028722000,474000),(0,-614028260039512482,-6330464602787557115,'http:/addresses/57a98d98e4b00679b4a830b0',-2495149767084886388,NULL,1504558028610000,35000),(0,-614028260039512482,-4182223789084328405,'post-resource',1642659978790024269,NULL,1504558028719000,477984),(0,-614028260039512482,-3558751137454227344,'post-resource',2258935444503561339,NULL,1504558028688000,28689),(0,-614028260039512482,-2594252038399003400,'get-items',-734622583129111989,NULL,1504558028552000,29331),(0,-614028260039512482,-2495149767084886388,'get-resource',1331217180362754587,NULL,1504558028507000,161377),(0,-614028260039512482,-2151328835431956614,'new-order',-614028260039512482,NULL,1504558028406000,1366939),(0,-614028260039512482,-1617290877895877915,'post-shipping',-7061934688376072538,NULL,1504558028949000,333283),(0,-614028260039512482,-1413938287162664128,'http:/cards/57a98d98e4b00679b4a830b1',2795026468844432830,NULL,1504558028625000,19000),(0,-614028260039512482,-968032686705991372,'async',-2151328835431956614,NULL,1504558028513000,153039),(0,-614028260039512482,-734622583129111989,'http:/carts/57a98d98e4b00679b4a830b2/items',-7637408776577795909,NULL,1504558028531000,106000),(0,-614028260039512482,-614028260039512482,'http:/orders',NULL,NULL,1504558028384000,1413437),(0,-614028260039512482,-236008339562194490,'async',-2151328835431956614,NULL,1504558028513000,159560),(0,-614028260039512482,181740926032281301,'async',-2151328835431956614,NULL,1504558028519000,149090),(0,-614028260039512482,435921786227455602,'get /addresses',-6330464602787557115,NULL,1504558028618724,549),(0,-614028260039512482,1182089955718513482,'addresses from db',4581108982981032533,NULL,1504558028631586,319),(0,-614028260039512482,1331217180362754587,'async',-2151328835431956614,NULL,1504558028504000,164749),(0,-614028260039512482,1642659978790024269,'async',-2151328835431956614,NULL,1504558028719000,478249),(0,-614028260039512482,2108145584802609179,'addresses from db',5152777237443683571,NULL,1504558028618768,471),(0,-614028260039512482,2258935444503561339,'async',-2151328835431956614,NULL,1504558028688000,29637),(0,-614028260039512482,2795026468844432830,'get-resource',-968032686705991372,NULL,1504558028513000,152757),(0,-614028260039512482,3051810303709381352,'get /customers',5323947477464893201,NULL,1504558028634993,863),(0,-614028260039512482,3551872546310890023,'users from db',7888939683012266434,NULL,1504558028635006,326),(0,-614028260039512482,4581108982981032533,'get cards',5401887692194870169,NULL,1504558028631583,333),(0,-614028260039512482,4892001989881953283,'authorize payment',6756259704235080898,NULL,1504558028715668,49),(0,-614028260039512482,5152777237443683571,'get users',435921786227455602,NULL,1504558028618737,528),(0,-614028260039512482,5323947477464893201,'http:/customers/57a98d98e4b00679b4a830b2',7676439485175658319,NULL,1504558028625000,19000),(0,-614028260039512482,5401887692194870169,'get /cards',-1413938287162664128,NULL,1504558028631567,355),(0,-614028260039512482,6756259704235080898,'post /paymentauth',8848397210334814008,NULL,1504558028714821,901),(0,-614028260039512482,7293927828867497497,'attributes from db',7888939683012266434,NULL,1504558028635338,501),(0,-614028260039512482,7676439485175658319,'get-resource',181740926032281301,NULL,1504558028519000,148888),(0,-614028260039512482,7888939683012266434,'get users',3051810303709381352,NULL,1504558028635003,839),(0,-614028260039512482,8848397210334814008,'http:/paymentauth',-3558751137454227344,NULL,1504558028713000,3000),(0,753949626380469547,2703479911853046651,'get /login',NULL,NULL,1504558029872008,1162),(0,753949626380469547,3427016730816411686,'login user',2703479911853046651,NULL,1504558029872062,1102),(0,1049060627112131591,263895176724277670,'get /login',NULL,NULL,1504558027213662,1897),(0,1049060627112131591,8932523282917401770,'login user',263895176724277670,NULL,1504558027213715,1830),(0,2451966410197140503,1722018790049145748,'users from db',8858775173867231230,NULL,1504558028226842,839),(0,2451966410197140503,2071046082651741002,'get /customers',NULL,NULL,1504558028226821,1437),(0,2451966410197140503,6012021848401494253,'attributes from db',8858775173867231230,NULL,1504558028227687,560),(0,2451966410197140503,8858775173867231230,'get users',2071046082651741002,NULL,1504558028226840,1411),(0,3034138690160833288,1690888309495236674,'users from db',7705150198134230181,NULL,1504558028220219,809),(0,3034138690160833288,3210325047450458038,'attributes from db',7705150198134230181,NULL,1504558028221035,523),(0,3034138690160833288,7705150198134230181,'get users',8857106907617152148,NULL,1504558028220212,1350),(0,3034138690160833288,8857106907617152148,'get /customers',NULL,NULL,1504558028220178,1390),(0,4155363000064309461,3989657933303009682,'get /catalogue',NULL,NULL,1504558027179007,11971),(0,5124050721704545545,2991184517240345887,'add-to-cart',5124050721704545545,NULL,1504558027856000,344027),(0,5124050721704545545,5124050721704545545,'http:/carts/57a98d98e4b00679b4a830b2/items',NULL,NULL,1504558027846000,354590),(0,5354704723022756236,2392837572002202316,'get users',7218416861076024046,NULL,1504558028226687,1089),(0,5354704723022756236,4012068352470101462,'attributes from db',2392837572002202316,NULL,1504558028227275,499),(0,5354704723022756236,6867919596857199018,'users from db',2392837572002202316,NULL,1504558028226690,579),(0,5354704723022756236,7218416861076024046,'get /customers',NULL,NULL,1504558028226678,1103),(0,8418027535315137086,8917287745829409657,'get /catalogue',NULL,NULL,1504558029844256,860),(0,8560425066390919454,6595714703135819827,'get /catalogue/{id}',NULL,NULL,1504558027827308,893);
/*!40000 ALTER TABLE `zipkin_spans` ENABLE KEYS */;
UNLOCK TABLES;
/*!40103 SET TIME_ZONE=@OLD_TIME_ZONE */;

/*!40101 SET SQL_MODE=@OLD_SQL_MODE */;
/*!40014 SET FOREIGN_KEY_CHECKS=@OLD_FOREIGN_KEY_CHECKS */;
/*!40014 SET UNIQUE_CHECKS=@OLD_UNIQUE_CHECKS */;
/*!40101 SET CHARACTER_SET_CLIENT=@OLD_CHARACTER_SET_CLIENT */;
/*!40101 SET CHARACTER_SET_RESULTS=@OLD_CHARACTER_SET_RESULTS */;
/*!40101 SET COLLATION_CONNECTION=@OLD_COLLATION_CONNECTION */;
/*!40111 SET SQL_NOTES=@OLD_SQL_NOTES */;

-- Dump completed on 2018-01-06 13:36:47
